-- Fictional local-development pilot data. Never use these identities as real people.
insert into auth.users(instance_id,id,aud,role,email,encrypted_password,email_confirmed_at,raw_app_meta_data,raw_user_meta_data,created_at,updated_at,confirmation_token,recovery_token,email_change_token_new,email_change)
values
('00000000-0000-0000-0000-000000000000','10000000-0000-4000-8000-000000000001','authenticated','authenticated','amara@example.test',crypt('LocalOnly-123!',gen_salt('bf')),now(),'{"provider":"email","providers":["email"]}','{"full_name":"Amara Demo"}',now(),now(),'','','',''),
('00000000-0000-0000-0000-000000000000','10000000-0000-4000-8000-000000000002','authenticated','authenticated','dami@example.test',crypt('LocalOnly-123!',gen_salt('bf')),now(),'{"provider":"email","providers":["email"]}','{"full_name":"Dami Demo"}',now(),now(),'','','',''),
('00000000-0000-0000-0000-000000000000','10000000-0000-4000-8000-000000000003','authenticated','authenticated','home@example.test',crypt('LocalOnly-123!',gen_salt('bf')),now(),'{"provider":"email","providers":["email"]}','{"full_name":"Home Demo"}',now(),now(),'','','',''),
('00000000-0000-0000-0000-000000000000','10000000-0000-4000-8000-000000000004','authenticated','authenticated','koko@example.test',crypt('LocalOnly-123!',gen_salt('bf')),now(),'{"provider":"email","providers":["email"]}','{"full_name":"Koko Demo"}',now(),now(),'','','','') on conflict(id) do nothing;
insert into public.profiles(id,full_name) values('10000000-0000-4000-8000-000000000001','Amara Demo'),('10000000-0000-4000-8000-000000000002','Dami Demo'),('10000000-0000-4000-8000-000000000003','Home Demo'),('10000000-0000-4000-8000-000000000004','Koko Demo') on conflict(id) do nothing;
insert into public.seller_businesses(id,owner_profile_id,business_name,slug,category,whatsapp_phone,email,city,state,short_description,pickup_note,delivery_note,return_policy,fulfilment_methods,terms_accepted_at,is_approved) values
('20000000-0000-4000-8000-000000000001','10000000-0000-4000-8000-000000000001','Amara Beauty','amara-beauty','Beauty','2348030000001','amara@example.test','Port Harcourt','Rivers','Original beauty essentials.','GRA pickup after confirmation.','Personal delivery or meet-up by agreement.','Report unopened items within 24 hours.','{pickup,seller_delivery,meet_up}',now(),true),
('20000000-0000-4000-8000-000000000002','10000000-0000-4000-8000-000000000002','Dami Styles','dami-styles','Fashion','2348030000002','dami@example.test','Port Harcourt','Rivers','Small-batch clothing and fortnightly restocks.','Pickup after confirmation.','','Report sizing concerns before pickup.','{pickup}',now(),true),
('20000000-0000-4000-8000-000000000003','10000000-0000-4000-8000-000000000003','Home Finds PH','home-finds-ph','Home','2348030000003','home@example.test','Port Harcourt','Rivers','Useful household finds sourced after payment.','Pickup by arrangement.','Delivery, dispatch and waybill available.','Sourcing orders follow the disclosed product policy.','{pickup,seller_delivery,dispatch,waybill}',now(),true),
('20000000-0000-4000-8000-000000000004','10000000-0000-4000-8000-000000000004','Koko Closet','koko-closet','Fashion','2348030000004','koko@example.test','Port Harcourt','Rivers','Limited clothing drops.','','Dispatch after confirmation.','Confirm size and colour before payment.','{dispatch}',now(),true) on conflict(id) do nothing;
insert into public.seller_payment_accounts(seller_id,account_number_last4,account_name,subaccount_code,provider_verified,status) select id,'0000',business_name,'ACCT_demo_'||right(id::text,4),true,'active' from public.seller_businesses on conflict(seller_id) do nothing;
insert into public.fee_configs(id,name,paystack_percent_basis_points,paystack_fixed_kobo,paystack_fixed_threshold_kobo,paystack_cap_kobo,platform_percent_basis_points,platform_flat_kobo,platform_min_kobo,pricing_safety_buffer_kobo,rounding_increment_kobo,reward_min_kobo,reward_max_kobo,reward_max_percent_basis_points,effective_from) values('30000000-0000-4000-8000-000000000001','Local pilot',150,10000,250000,200000,200,0,10000,5000,5000,10000,200000,2000,now()) on conflict(id) do nothing;
do $$declare s uuid;p uuid;c uuid;v uuid;i integer;begin
for i in 1..4 loop s=('20000000-0000-4000-8000-'||lpad(i::text,12,'0'))::uuid;
  insert into public.products(seller_id,name,description,category,status) values(s,case i when 1 then 'Soft Glam Set' when 2 then 'Weekend Ankara Dress' when 3 then 'Kitchen Storage Set' else 'Everyday Two-piece' end,'Fictional development campaign.',case when i=1 then 'Beauty' when i=3 then 'Home' else 'Fashion' end,'active') returning id into p;
  insert into public.product_variants(product_id,sku,option_1_name,option_1_value,option_2_name,option_2_value,available_quantity,is_active) values(p,'DEMO-'||i,'Colour',case when i=1 then 'Warm' else 'Black' end,'Size','Medium',case when i=3 then null else 4 end,true) returning id into v;
  insert into public.campaigns(seller_id,product_id,short_code,status,stock_mode,payment_mode,deposit_value,seller_minimum_take_home_kobo,seller_purchase_cost_kobo,referral_reward_kobo,public_price_kobo,reservation_minutes,allow_restock_interest,allow_substitution,pricing_snapshot) values(s,p,case i when 1 then 'GLAM-PH-01' when 2 then 'ANKARA-PH-02' when 3 then 'HOME-PH-03' else 'KOKO-PH-04' end,'active',case when i=3 then 'on_request'::public.stock_mode else 'fixed'::public.stock_mode end,case when i in(1,2) then 'fixed_deposit'::public.payment_mode else 'full'::public.payment_mode end,case when i in(1,2) then 400000 else null end,1000000,700000,50000,1100000,30,true,true,'{"sellerTakeHomeKobo":1000000,"platformRevenueKobo":20000,"estimatedPaystackFeeKobo":26500,"rewardFundingKobo":50000}') returning id into c;
  insert into public.products(seller_id,name,description,category,status) values(s,'Second demo product','Second campaign required by the seed specification.',case when i=1 then 'Beauty' when i=3 then 'Home' else 'Fashion' end,'active') returning id into p;
  insert into public.product_variants(product_id,option_1_name,option_1_value,available_quantity,reserved_quantity,is_active) values(p,'Colour','Red',0,0,true);
  insert into public.campaigns(seller_id,product_id,short_code,status,stock_mode,payment_mode,seller_minimum_take_home_kobo,referral_reward_kobo,public_price_kobo,reservation_minutes,allow_restock_interest,allow_substitution,pricing_snapshot) values(s,p,'SECOND-PH-0'||i,'sold_out','fixed','full',600000,30000,680000,30,true,true,'{"sellerTakeHomeKobo":600000,"platformRevenueKobo":12000,"estimatedPaystackFeeKobo":20200,"rewardFundingKobo":30000}');
end loop;end$$;
insert into public.customers(id,full_name,normalized_phone,email) values('40000000-0000-4000-8000-000000000001','Ada Buyer','2348031111111','ada@example.test'),('40000000-0000-4000-8000-000000000002','Chioma Buyer','2348032222222','chioma@example.test') on conflict(id) do nothing;
do $$declare c uuid;p uuid;v uuid;o1 uuid;o2 uuid;o3 uuid;r uuid;a uuid;begin
select c.id,c.product_id into c,p from public.campaigns c where c.short_code='GLAM-PH-01';select id into v from public.product_variants where product_id=p limit 1;
insert into public.orders(public_token_hash,public_reference,seller_id,customer_id,campaign_id,status,fulfilment_method,item_subtotal_kobo,total_due_kobo,total_paid_kobo,seller_target_kobo,platform_target_kobo,reward_funding_kobo,paystack_fee_estimate_kobo,pricing_snapshot) values(encode(digest('seed-direct-token','sha256'),'hex'),'SKW-SEED-DIRECT','20000000-0000-4000-8000-000000000001','40000000-0000-4000-8000-000000000001',c,'delivered','pickup',1100000,1100000,1100000,1000000,20000,50000,26500,'{"seed":"direct"}') returning id into o1;
insert into public.order_items(order_id,product_id,variant_id,product_name_snapshot,variant_snapshot,quantity,unit_public_price_kobo,unit_seller_target_kobo) values(o1,p,v,'Soft Glam Set','{"shade":"Warm","size":"Medium"}',1,1100000,1000000);
insert into public.payments(order_id,provider_reference,status,amount_kobo,payment_type,processed_at) values(o1,'PAY-SEED-DIRECT','success',1100000,'full',now());insert into public.order_events(order_id,event_type,to_status,actor_type,public_message) values(o1,'payment_verified','paid','paystack','Payment confirmed'),(o1,'status_changed','delivered','seller','Order delivered');
insert into public.referral_links(public_code,seller_id,campaign_id,referrer_customer_id,originating_order_id,attribution_expires_at) values('SEEDREF1','20000000-0000-4000-8000-000000000001',c,'40000000-0000-4000-8000-000000000001',o1,now()+interval '14 days') returning id into r;
insert into public.orders(public_token_hash,public_reference,seller_id,customer_id,campaign_id,status,fulfilment_method,item_subtotal_kobo,total_due_kobo,total_paid_kobo,seller_target_kobo,platform_target_kobo,reward_funding_kobo,paystack_fee_estimate_kobo,referred_by_referral_id,pricing_snapshot) values(encode(digest('seed-referred-token','sha256'),'hex'),'SKW-SEED-REFERRED','20000000-0000-4000-8000-000000000001','40000000-0000-4000-8000-000000000002',c,'confirmed','seller_delivery',1100000,1100000,1100000,1000000,20000,50000,26500,r,'{"seed":"referred"}') returning id into o2;
insert into public.order_items(order_id,product_id,variant_id,product_name_snapshot,variant_snapshot,quantity,unit_public_price_kobo,unit_seller_target_kobo) values(o2,p,v,'Soft Glam Set','{"shade":"Warm","size":"Medium"}',1,1100000,1000000);insert into public.payments(order_id,provider_reference,status,amount_kobo,payment_type,processed_at) values(o2,'PAY-SEED-REFERRED','success',1100000,'full',now());
insert into public.referral_attributions(referral_link_id,referred_customer_id,order_id,status,paid_at,qualified_at) values(r,'40000000-0000-4000-8000-000000000002',o2,'qualified',now(),now()) returning id into a;
insert into public.reward_credits(public_code_hash,seller_id,owner_customer_id,source_order_id,source_referral_attribution_id,amount_kobo,status,available_at,expires_at) values(encode(digest('SEED-REWARD-AVAILABLE','sha256'),'hex'),'20000000-0000-4000-8000-000000000001','40000000-0000-4000-8000-000000000001',o2,a,50000,'available',now(),now()+interval '60 days');
select c.id,c.product_id into c,p from public.campaigns c where c.short_code='ANKARA-PH-02';select id into v from public.product_variants where product_id=p limit 1;
insert into public.orders(public_token_hash,public_reference,seller_id,customer_id,campaign_id,status,fulfilment_method,item_subtotal_kobo,total_due_kobo,total_paid_kobo,seller_target_kobo,platform_target_kobo,reward_funding_kobo,paystack_fee_estimate_kobo,pricing_snapshot) values(encode(digest('seed-deposit-token','sha256'),'hex'),'SKW-SEED-DEPOSIT','20000000-0000-4000-8000-000000000002','40000000-0000-4000-8000-000000000001',c,'partially_paid','pickup',1100000,1100000,400000,1000000,20000,50000,26500,'{"seed":"deposit","outstandingKobo":700000}') returning id into o3;
insert into public.order_items(order_id,product_id,variant_id,product_name_snapshot,variant_snapshot,quantity,unit_public_price_kobo,unit_seller_target_kobo) values(o3,p,v,'Weekend Ankara Dress','{"colour":"Black","size":"Medium"}',1,1100000,1000000);insert into public.payments(order_id,provider_reference,status,amount_kobo,payment_type,processed_at) values(o3,'PAY-SEED-DEPOSIT','success',400000,'deposit',now());
insert into public.orders(public_token_hash,public_reference,seller_id,customer_id,campaign_id,status,fulfilment_method,item_subtotal_kobo,total_due_kobo,total_paid_kobo,seller_target_kobo,platform_target_kobo,reward_funding_kobo,paystack_fee_estimate_kobo,pricing_snapshot) values(encode(digest('seed-refunded-token','sha256'),'hex'),'SKW-SEED-REFUNDED','20000000-0000-4000-8000-000000000002','40000000-0000-4000-8000-000000000002',c,'refunded','pickup',1100000,1100000,1100000,1000000,20000,0,26500,'{"seed":"refunded"}');
select c.id,c.seller_id into c,p from public.campaigns c where c.short_code='SECOND-PH-01';insert into public.restock_interests(seller_id,campaign_id,customer_id,variant_request,quantity,status) values(p,c,'40000000-0000-4000-8000-000000000002','{"colour":"Red","size":"Medium"}',1,'waiting');
insert into public.substitution_offers(order_id,seller_id,offer_type,details,status) values(o3,'20000000-0000-4000-8000-000000000002','colour','{"offered":"Navy","requested":"Black"}','pending');
end$$;
